Model,accuracy,precision,recall,f1,roc_auc
Without SMOTE,0.916922350719849,0.68,0.04709141274238227,0.08808290155440414,0.7244205945244405
With SMOTE,0.8004484304932735,0.18882466281310212,0.407202216066482,0.2580078982009653,0.7037397551235103
